bank,Address,Author,Rating,Date,Review
CIH Bank,"av. Annakhil, imm. High Tech nÂ°3 hay Ryad, Agdal Riyad",Ahmed Bf,1Â Ã©toile,il y a 2 mois,Des apprentis au front office. 2 agents mÃ©diocres qui en plus travaillent Ã  tour de rÃ´le. Aucun sens de la responsabilitÃ©. Comme si les clients qui attendent beaucoup leur tour n'ont rien Ã  faire dans la vie. Style des annÃ©es 60,https://maps.app.goo.gl/hPniK2FeRhgkzSeVA
CIH Bank,"av. Annakhil, imm. High Tech nÂ°3 hay Ryad, Agdal Riyad",Ali Benouahoud,1Â Ã©toile,il y a 4 ans,"C'est ce qu'on appelle : ""Ãªtre victime de son propre succÃ¨s""  une gestion de clientÃ¨le tellement lente, pas orientÃ© solution, pour cacheter une attestation de rib je dois patienter 1 heure, je ne recommande pas",https://maps.app.goo.gl/hPniK2FeRhgkzSeVA
CIH Bank,"av. Annakhil, imm. High Tech nÂ°3 hay Ryad, Agdal Riyad",nawal loukili,4Â Ã©toiles,il y a un an,"Cette banque est orientÃ©e vers les services digitaux, et dont l'offre est bien comparativement aux autres banques de la place ainsi qu'une offre de service gratuite pour une large gamme de produits.
Par contre les dÃ©lais d'attente en agence sont plus au moins considÃ©rables .",https://maps.app.goo.gl/hPniK2FeRhgkzSeVA
CIH Bank,"av. Annakhil, imm. High Tech nÂ°3 hay Ryad, Agdal Riyad",Soufiane Benbrahim,1Â Ã©toile,il y a 5 ans,"Dommage, impossible de donner une notation nÃ©gative. Un service nul, un personnel minable, des caissiers qui travail Ã  une vitesse inacceptable, encore des problÃ¨mes de connexion en 2020 et en dit toujours sa aux clients, et personne ne rÃ©pond au tÃ©lÃ©phone. Un chef d'agence sans Ã©tude ou formation Ã  ce type de poste... En tant que rÃ©sidant franÃ§ais, et voulant investisseur dans mon pays je dÃ©conseille cette banque Ã  tout mes confrÃ¨res.",https://maps.app.goo.gl/hPniK2FeRhgkzSeVA
CIH Bank,"av. Annakhil, imm. High Tech nÂ°3 hay Ryad, Agdal Riyad",doudi boubou,1Â Ã©toile,il y a un an,"Je tiens Ã  signaler le comportement de votre commerciale mme Benjelloun qui est dÃ©sagrÃ©able avec la clientÃ¨le.

A chaque fois ou je dois me rendre Ã  votre agence je suis sidÃ©rÃ©e par son comportement.

Je commence rÃ©ellement Ã  penser Ã  changer d'agence....
Cordialement",https://maps.app.goo.gl/hPniK2FeRhgkzSeVA
CIH Bank,"av. Annakhil, imm. High Tech nÂ°3 hay Ryad, Agdal Riyad",Anouar Zaoui,1Â Ã©toile,il y a un an,"Absolument a Ã©viter, une vraie catastrophe.
Temps dâ€™attente super long ( 2h30 ) , les employÃ©s ignorent les clients et fond semblent dâ€™Ãªtre super occupÃ©s. Je ne comprends pas comment en 2022 il existe toujours un service a la clientÃ¨le si mÃ©diocre dans une banque !!!",https://maps.app.goo.gl/hPniK2FeRhgkzSeVA
CIH Bank,"av. Annakhil, imm. High Tech nÂ°3 hay Ryad, Agdal Riyad",Imane Ddi,1Â Ã©toile,il y a 3 ans,"En ce qui concerne lâ€™agence de Nakhil, il est quasi impossible de stationner. Et lorsquâ€™on a la chance de trouver une place, on est constamment harcelÃ© par les gardiens de voitures.

Le service au niveau de lâ€™agence est ahurissant. Dâ€™une lenteur incroyable malgrÃ© la bonne volontÃ© des employÃ©s. Le fonctionnement de lâ€™agence est Ã  revoir. En effet, malgrÃ© le fait dâ€™avoir (ENFIN) mis en place un systÃ¨me de numÃ©rotation pour faire la queue, il y a tout de mÃªme de la confusion et des dÃ©lais dâ€™attente Ã  nâ€™en plus finir. Ce qui est aggravÃ© par lâ€™effet de serre dans lâ€™agence au premier coup de soleil. A Ã©viter lâ€™Ã©tÃ© ou lorsque le soleil tape. Courage aux employÃ©s..

En ce qui concerne la banque mÃªme, elle semble assez compÃ©titive dans les services et frais quâ€™elle propose. Une Ã©tude comparative des banques marocaines serait la bienvenue Ã  ce sujet !

Enfin, pour ceux qui comme moi ont eu de mauvais souvenirs de leur passage en agence, ne dÃ©sespÃ©rez pas, lâ€™application mobile cih est trÃ¨s pratique pour gÃ©rer les opÃ©rations du quotidien ;) !",https://maps.app.goo.gl/hPniK2FeRhgkzSeVA
CIH Bank,"av. Annakhil, imm. High Tech nÂ°3 hay Ryad, Agdal Riyad",Samia Belkadi,2Â Ã©toiles,il y a 3 ans,"L'application web est trÃ¨s bien faite. Dommage que le rÃ©el ne suive pas le virtuel! Attente longue, des ""clients"" qu'on laisse passer avant tout le monde sans ticket, manque de personnel (1 seul agent en caisse parfois), personnel qui semble blasÃ© et pas du tout motivÃ©. Sans compter qu'il n'y a qu'une seule agence pour tout Hay Riad. Je n'y mets les pieds que si j'y suis vraiment obligÃ©e ! Vous avez intÃ©rÃªt Ã  amÃ©liorer  votre service!",https://maps.app.goo.gl/hPniK2FeRhgkzSeVA
CIH Bank,"av. Annakhil, imm. High Tech nÂ°3 hay Ryad, Agdal Riyad",Khaoula Erraoui,1Â Ã©toile,il y a 2 ans,"Toujours sous effectif ou systÃ¨me en panne !! ( Je n'ai jamais compris ce sur Ã§a veut dire) et un staff trÃ¨s trÃ¨s lent et non professionnel du tout. MÃªme pour les comptes pro, service trÃ¨s dÃ©sagrÃ©able et inefficace, pour la plus simple des opÃ©rations faudrait revenir plus qu'une fois !!",https://maps.app.goo.gl/hPniK2FeRhgkzSeVA
CIH Bank,"av. Annakhil, imm. High Tech nÂ°3 hay Ryad, Agdal Riyad",assia aajal,1Â Ã©toile,il y a 2 ans,"Attention aux horaires du ramadan ! Ils les modifie pas sur leur site et mÃªme leurs agents ne les connaissent pas ( un agent m'a dit que cette agence serait ouverte le samedi jusqu'Ã  13h , j'ai ratter mon train pour y aller et payer 40dh en taxi pour ensuite me retrouver avec les agents en sortant , ils ferment Ã  11h30 le ramadan )",https://maps.app.goo.gl/hPniK2FeRhgkzSeVA
CIH Bank,"av. Annakhil, imm. High Tech nÂ°3 hay Ryad, Agdal Riyad",Malak,4Â Ã©toiles,il y a un an,Espace bien amÃ©nagÃ© et accueillant.Agent Ã  l'Ã©coute et trÃ¨s opÃ©rationnel  Service un peu lent mais le tour est bien respectÃ© et supervisÃ© par un agent de sÃ©curitÃ©.tableau d'affichage indiquant le cours des devise  chose qu'on trouve pas assez souvent chez d'autres banque.,https://maps.app.goo.gl/hPniK2FeRhgkzSeVA
CIH Bank,"av. Annakhil, imm. High Tech nÂ°3 hay Ryad, Agdal Riyad",Mohamed Ibn Ghazala,2Â Ã©toiles,il y a 3 ans,"Une seul agence Ã  Hay Riad c'est quand mÃªme trÃ¨s peu, l'application ne peut en aucun cas se substituer Ã  la prÃ©sence en agence qui est souvent une expÃ©rience difficile dont nous ne pouvons nous dÃ©tourner. Beaucoup de travail vous attend au â€¦",https://maps.app.goo.gl/hPniK2FeRhgkzSeVA
CIH Bank,"av. Annakhil, imm. High Tech nÂ°3 hay Ryad, Agdal Riyad",Phonie Phony,1Â Ã©toile,il y a 2 ans,"Une seule Ã©toile est loine detre prise par ce type de Banque CIH, mauvais service, mauvaise qualitÃ©, des cartes bancaires qui ne peuvent mÃªme pas achever des simples operations dâ€™achats en ligne, des rÃ©clamations qui prennent plus de 15 jours pour se traiter et sans rÃ©sultats me service qui sâ€™offre par cette banque est moins que mediocre point barre",https://maps.app.goo.gl/hPniK2FeRhgkzSeVA
CIH Bank,"av. Annakhil, imm. High Tech nÂ°3 hay Ryad, Agdal Riyad",Omar Cherqaoui,5Â Ã©toiles,il y a 6 mois,Grand salut aux professionalisme du personnel,https://maps.app.goo.gl/hPniK2FeRhgkzSeVA
CIH Bank,"av. Annakhil, imm. High Tech nÂ°3 hay Ryad, Agdal Riyad",houda mezouar,1Â Ã©toile,il y a 6 ans,"Je ne trouve pas - 5 Ã©toiles pour le mettre, comment peut-on exprimer notre avis, quand on n'a mÃªme pas droit Ã  effectuer un versement sur un compte CIH. Le 25/10/2018 Ã  08h45 je me suis dirigÃ©e Ã  l'agence CIH de Hay Riad pour effectuer un versement (et c'Ã©tait urgent), l'agent me dit ""sm7ilina madame problÃ©me de cnx"", j'appelle une connaissance elle m'effectue le versement d'une autre agence sans problÃ©me, je ne comprend pas (un problÃ©me de connexion propre qu'Ã  votre agence ok). J'avais besoin de plus sur ce compte, j'ai appelÃ© l'agence Hay riad la dame (que je remercie d'abord pour son professionnalisme) me confirme que tout est ok et que je peut me diriger Ã  l'agence. aprÃ©s 10 min (vers 10h30) je suis encore une fois Ã  l'agence Hay Riad, je demande Ã  un autre monsieur (Lah ikhlik ba9i dak le problÃ©me) il revÃ©rifie sur systÃ©me il me confirme que tout est bon, et lÃ  je me dirige vers le monsieur chargÃ© de cet opÃ©ration , il me dit ""akhetii ba9i mochkil siri tsnay tane3yat lik"", ok je lui dit ""tout le monde me confirme que c'est rÃ©glÃ©"" il me dit ""ana li 3enedi la caisse houma ma3rfninehc mochkil 3enedi"" alaho akbar ok je fais genre je comprend rien je m'assoie. aprÃ©s je le regarde effectuer le versement pour un autre monsieur sans aucun problÃ©me, une fois sala m3a le monsieur il prend son tel et il bouge vers la salle rÃ©servÃ© au personnel, et moi je reste choquÃ©e je ne trouve plus les mots c'Ã©tait genre ""Madame je vais pas travailler avec vous je ne vous ai pas aimÃ©"", une fois revenu je lui dit ""je vous ai vu effectuer le versement pour le monsieur"" il me dit ""mt9line 3lik douk lflouss"" le top du professionnalisme !!!! et finalement il me verse l'argent sur le compte.
Un service qui prend 2 Ã  3 min dans toutes les agences de toutes les banques, vous prendra une matinÃ©e Ã  l'agence CIH de hay riad o hatsm3o hedra en plus et vous serez traiter comme mois que rien, sauf si Mr chargÃ© des opÃ©rations oula je c pas ach vous apprÃ©cie.
Si vous avez le choix, ne vous diriger pas lÃ , sauf pour crÃ©ation de compte parce que la dame elle, elle est trÃ¨s professionnelle.",https://maps.app.goo.gl/hPniK2FeRhgkzSeVA
CIH Bank,"av. Annakhil, imm. High Tech nÂ°3 hay Ryad, Agdal Riyad",Aicha Mitak,1Â Ã©toile,il y a 3 ans,"ma carte dans l'application mobile s'affiche cassÃ©e depuis 3 mois avec le message ""vous n'avez pas de carte"".j'envoie des e- mails pour rÃ©soudre mon problÃ¨me mais personne ne rÃ©pond.

CIH BANK IS THE WORST EVER AND THEY HAVE THE WORST CUSTOMERS SERVICE EVER .",https://maps.app.goo.gl/hPniK2FeRhgkzSeVA
CIH Bank,"av. Annakhil, imm. High Tech nÂ°3 hay Ryad, Agdal Riyad",said amoursou,1Â Ã©toile,il y a 2 ans,Un service null sa fait maintenant un mois que j'ai pas encore reÃ§u ma nouvelle carte bancaire cette bank a Ã©viter vraiment,https://maps.app.goo.gl/hPniK2FeRhgkzSeVA
CIH Bank,"av. Annakhil, imm. High Tech nÂ°3 hay Ryad, Agdal Riyad",Adnane Mtioui,1Â Ã©toile,il y a 3 ans,"Service inexistant, guichet souvent en panne, plus dâ€™une heure dâ€™attente dehors, vu que lâ€™attente ce fait dehors vaux mieux mettre des chaises et lâ€™afficheur dehors aussi",https://maps.app.goo.gl/hPniK2FeRhgkzSeVA
CIH Bank,"av. Annakhil, imm. High Tech nÂ°3 hay Ryad, Agdal Riyad",Imad AB,1Â Ã©toile,il y a une semaine,Service caisse 0.,https://maps.app.goo.gl/hPniK2FeRhgkzSeVA
CIH Bank,"av. Annakhil, imm. High Tech nÂ°3 hay Ryad, Agdal Riyad",Hind R,1Â Ã©toile,il y a 4 ans,"Plusieurs rÃ©clamations pour mon pb sans solution ni retour, un temps d'attente fou surtt cÃ´tÃ© service clientÃ¨le... J'ai fini par rÃ©silier mon compte.",https://maps.app.goo.gl/hPniK2FeRhgkzSeVA
CIH Bank,"av. Annakhil, imm. High Tech nÂ°3 hay Ryad, Agdal Riyad",Adil Abite,1Â Ã©toile,il y a un an,"Mauvaise affaire, service nul, surtout une chargÃ©e de caisse ğŸ¤®, ni communication ni service ni comportement ni ni ni....
Wallah, j en ai marre...... â€¦",https://maps.app.goo.gl/hPniK2FeRhgkzSeVA
CIH Bank,"av. Annakhil, imm. High Tech nÂ°3 hay Ryad, Agdal Riyad",Soufiane Louarak,1Â Ã©toile,il y a 4 ans,"Accueil des clients trÃ¨s trÃ¨s lent le samedi (1h20 d'attente pour 2 clients en attente cÃ´tÃ© service clientÃ¨le), et le personnel prend son temps...",https://maps.app.goo.gl/hPniK2FeRhgkzSeVA
CIH Bank,"av. Annakhil, imm. High Tech nÂ°3 hay Ryad, Agdal Riyad",Yousra ABROUD,1Â Ã©toile,il y a 2 ans,Personnel incompÃ©tent et manque de professionnalisme. Aucun respect pour leur clientÃ¨le,https://maps.app.goo.gl/hPniK2FeRhgkzSeVA
CIH Bank,"av. Annakhil, imm. High Tech nÂ°3 hay Ryad, Agdal Riyad",meryem hammachi,1Â Ã©toile,il y a un an,"Le systÃ¨me de la banque ne marche pas
La directrice ne veux pas parler aux clients",https://maps.app.goo.gl/hPniK2FeRhgkzSeVA
CIH Bank,"av. Annakhil, imm. High Tech nÂ°3 hay Ryad, Agdal Riyad",Amina YK,1Â Ã©toile,il y a un an,Agence dÃ©cevante . Ã€ Ã©viter. Toujours systÃ¨me en panne .,https://maps.app.goo.gl/hPniK2FeRhgkzSeVA
CIH Bank,"av. Annakhil, imm. High Tech nÂ°3 hay Ryad, Agdal Riyad",Kaltoum Berradi,1Â Ã©toile,il y a 3 ans,"Service nulle
Agents impolis
SystÃ¨me tjrs ne fonctionne pas mÃªme l'imprimante",https://maps.app.goo.gl/hPniK2FeRhgkzSeVA
CIH Bank,"av. Annakhil, imm. High Tech nÂ°3 hay Ryad, Agdal Riyad",Bouchra bouchra,1Â Ã©toile,il y a 5 ans,"Le service est dÃ©sagrÃ©able, le personnel travaille Ã  la vitesse de l escargot, personne ne rÃ©pond au tÃ©lÃ©phone, s il y a une note Ã  donner je donnerai 00000",https://maps.app.goo.gl/hPniK2FeRhgkzSeVA
CIH Bank,"av. Annakhil, imm. High Tech nÂ°3 hay Ryad, Agdal Riyad",HaÅmaru,3Â Ã©toiles,il y a 8 ans,"Le personnel de l'agence est trÃ¨s serviable, mais une seul personne Ã  la caisse Ã§a ne suffit pas",https://maps.app.goo.gl/hPniK2FeRhgkzSeVA
CIH Bank,"av. Annakhil, imm. High Tech nÂ°3 hay Ryad, Agdal Riyad",Samad Samad,2Â Ã©toiles,il y a 6 ans,le guichet bancaire est souvent hors service et nous avons rÃ©clamÃ© individuellement ou en groupe mais rien n'est fait....,https://maps.app.goo.gl/hPniK2FeRhgkzSeVA
CIH Bank,"av. Annakhil, imm. High Tech nÂ°3 hay Ryad, Agdal Riyad",sara chafiqelidrissi,1Â Ã©toile,il y a un an,Une catastrophe ! Service trop lent !,https://maps.app.goo.gl/hPniK2FeRhgkzSeVA
CIH Bank,"av. Annakhil, imm. High Tech nÂ°3 hay Ryad, Agdal Riyad",Adnane Mtioui Belayachi,1Â Ã©toile,il y a 3 ans,Moins d'une Ã©toile . Service extra nul,https://maps.app.goo.gl/hPniK2FeRhgkzSeVA
CIH Bank,"av. Annakhil, imm. High Tech nÂ°3 hay Ryad, Agdal Riyad",Slimi ayoub,1Â Ã©toile,il y a 3 ans,Service client trop nul !! 0 Ã©toile ğŸ‘ğŸ» â€¦,https://maps.app.goo.gl/hPniK2FeRhgkzSeVA
CIH Bank,"av. Annakhil, imm. High Tech nÂ°3 hay Ryad, Agdal Riyad",Aziz El Hezmir,1Â Ã©toile,il y a 6 ans,"Nul, beaucoup de monde sans systÃ¨me de gestion de file d'attente",https://maps.app.goo.gl/hPniK2FeRhgkzSeVA
CIH Bank,"av. Annakhil, imm. High Tech nÂ°3 hay Ryad, Agdal Riyad",Youness Rbiai,1Â Ã©toile,il y a 2 ans,Pire service que j ai vu de ma vie,https://maps.app.goo.gl/hPniK2FeRhgkzSeVA
CIH Bank,"av. Annakhil, imm. High Tech nÂ°3 hay Ryad, Agdal Riyad",Ghita Berrada,1Â Ã©toile,il y a 5 ans,Pas de service plus mÃ©diocre que celui qu'ils proposent,https://maps.app.goo.gl/hPniK2FeRhgkzSeVA
CIH Bank,"av. Annakhil, imm. High Tech nÂ°3 hay Ryad, Agdal Riyad",Chakir Ait Ouadi (â€œGraphiste 2D/3Dâ€),1Â Ã©toile,il y a 5 ans,"service trÃ¨s nuuuuuul , je vais clÃ´turÃ© mon compte",https://maps.app.goo.gl/hPniK2FeRhgkzSeVA
CIH Bank,"av. Annakhil, imm. High Tech nÂ°3 hay Ryad, Agdal Riyad",Mouad H.,1Â Ã©toile,il y a 5 ans,1h30 d'attente pour avoir une attestation de RIB.,https://maps.app.goo.gl/hPniK2FeRhgkzSeVA
CIH Bank,"av. Annakhil, imm. High Tech nÂ°3 hay Ryad, Agdal Riyad",H B,1Â Ã©toile,il y a un an,Je dÃ©conseille.,https://maps.app.goo.gl/hPniK2FeRhgkzSeVA
CIH Bank,"av. Annakhil, imm. High Tech nÂ°3 hay Ryad, Agdal Riyad",Mohamed El mrabet,5Â Ã©toiles,il y a 7 ans,Personnel trÃ¨s serviable,https://maps.app.goo.gl/hPniK2FeRhgkzSeVA
CIH Bank,"av. Annakhil, imm. High Tech nÂ°3 hay Ryad, Agdal Riyad",Sara Madani,1Â Ã©toile,il y a 2 ans,Sous effectif !!,https://maps.app.goo.gl/hPniK2FeRhgkzSeVA
CIH Bank,"av. Annakhil, imm. High Tech nÂ°3 hay Ryad, Agdal Riyad",Salah Elkarmani,1Â Ã©toile,il y a 3 ans,Mauvais service,https://maps.app.goo.gl/hPniK2FeRhgkzSeVA
CIH Bank,"av. Annakhil, imm. High Tech nÂ°3 hay Ryad, Agdal Riyad",Ali Production,1Â Ã©toile,il y a 6 mois,"Le pire service au monde Ã©galement
S'il vous plaÃ®t, ne faites pas confiance Ã  cette banque",https://maps.app.goo.gl/hPniK2FeRhgkzSeVA
CIH Bank,"av. Annakhil, imm. High Tech nÂ°3 hay Ryad, Agdal Riyad",Omar Setihe,5Â Ã©toiles,il y a 8 mois,Bon service rapide. Les gens respectent leur client et traitent gentiment avec vous.,https://maps.app.goo.gl/hPniK2FeRhgkzSeVA
CIH Bank,"av. Annakhil, imm. High Tech nÂ°3 hay Ryad, Agdal Riyad",Jam,1Â Ã©toile,il y a 7 mois,TrÃ¨s longue attente car le personnel prend 2 heures pour le dÃ©jeuner.,https://maps.app.goo.gl/hPniK2FeRhgkzSeVA
CIH Bank,"av. Annakhil, imm. High Tech nÂ°3 hay Ryad, Agdal Riyad",CHAO DENG,3Â Ã©toiles,il y a un an,"le service est trÃ¨s rapide, mais vous devez attendre longtemps jusqu'Ã  votre tour",https://maps.app.goo.gl/hPniK2FeRhgkzSeVA
CIH Bank,"av. Annakhil, imm. High Tech nÂ°3 hay Ryad, Agdal Riyad",Emma,1Â Ã©toile,il y a un an,"Service lent, vous devez attendre longtemps et le systÃ¨me est toujours en panne pour une raison quelconque",https://maps.app.goo.gl/hPniK2FeRhgkzSeVA
CIH Bank,"av. Annakhil, imm. High Tech nÂ°3 hay Ryad, Agdal Riyad",Redouane Es-sadaoui,3Â Ã©toiles,il y a un an,"Il y a beaucoup de pression sur eux, ce qui affecte la qualitÃ© des services",https://maps.app.goo.gl/hPniK2FeRhgkzSeVA
CIH Bank,"av. Annakhil, imm. High Tech nÂ°3 hay Ryad, Agdal Riyad",SaÃ¢d Rachyq,1Â Ã©toile,il y a un an,Nous sommes ici quand nous vivons ce jour,https://maps.app.goo.gl/hPniK2FeRhgkzSeVA
CIH Bank,"av. Annakhil, imm. High Tech nÂ°3 hay Ryad, Agdal Riyad",Hassan OUAJBIR,1Â Ã©toile,il y a 2 ans,Service trÃ¨s lent et le systÃ¨me est toujours en panne.,https://maps.app.goo.gl/hPniK2FeRhgkzSeVA
CIH Bank,"av. Annakhil, imm. High Tech nÂ°3 hay Ryad, Agdal Riyad",yasser Idrissi Karmaoui,1Â Ã©toile,il y a 5 ans,"Le personnel est trÃ¨s lent, ils s'en moquent",https://maps.app.goo.gl/hPniK2FeRhgkzSeVA
CIH Bank,"av. Annakhil, imm. High Tech nÂ°3 hay Ryad, Agdal Riyad",Khalid Hakmaoui,1Â Ã©toile,il y a 3 ans,Ils ne rÃ©pondent pas aux appels tÃ©lÃ©phoniques.,https://maps.app.goo.gl/hPniK2FeRhgkzSeVA
CIH Bank,"av. Annakhil, imm. High Tech nÂ°3 hay Ryad, Agdal Riyad",radouane asebriy,4Â Ã©toiles,il y a 4 ans,R-fermer,https://maps.app.goo.gl/hPniK2FeRhgkzSeVA
CIH Bank,"av. Annakhil, imm. High Tech nÂ°3 hay Ryad, Agdal Riyad",Marouane Naitkesou,5Â Ã©toiles,il y a 2 ans,incroyable,https://maps.app.goo.gl/hPniK2FeRhgkzSeVA
CIH Bank,"av. Annakhil, imm. High Tech nÂ°3 hay Ryad, Agdal Riyad",Louizi Meryeme,1Â Ã©toile,il y a 2 semaines,,https://maps.app.goo.gl/hPniK2FeRhgkzSeVA
CIH Bank,"av. Annakhil, imm. High Tech nÂ°3 hay Ryad, Agdal Riyad",ayoub boussekssou,2Â Ã©toiles,il y a 2 mois,,https://maps.app.goo.gl/hPniK2FeRhgkzSeVA
CIH Bank,"av. Annakhil, imm. High Tech nÂ°3 hay Ryad, Agdal Riyad",CrimsonRed,3Â Ã©toiles,il y a 4 mois,,https://maps.app.goo.gl/hPniK2FeRhgkzSeVA
CIH Bank,"av. Annakhil, imm. High Tech nÂ°3 hay Ryad, Agdal Riyad",Kaoutar Maliki,1Â Ã©toile,il y a un an,,https://maps.app.goo.gl/hPniK2FeRhgkzSeVA
CIH Bank,"av. Annakhil, imm. High Tech nÂ°3 hay Ryad, Agdal Riyad",Ù…Ø­Ø³Ù† Ø§Ø±ØºÙˆÙ†ÙŠ,5Â Ã©toiles,il y a un an,,https://maps.app.goo.gl/hPniK2FeRhgkzSeVA
CIH Bank,"av. Annakhil, imm. High Tech nÂ°3 hay Ryad, Agdal Riyad",MK Univers,4Â Ã©toiles,il y a 2 ans,,https://maps.app.goo.gl/hPniK2FeRhgkzSeVA
CIH Bank,"av. Annakhil, imm. High Tech nÂ°3 hay Ryad, Agdal Riyad",Imane Abassi,1Â Ã©toile,il y a 2 ans,,https://maps.app.goo.gl/hPniK2FeRhgkzSeVA
CIH Bank,"av. Annakhil, imm. High Tech nÂ°3 hay Ryad, Agdal Riyad",Abderrahman Bouras,1Â Ã©toile,il y a 2 ans,,https://maps.app.goo.gl/hPniK2FeRhgkzSeVA
CIH Bank,"av. Annakhil, imm. High Tech nÂ°3 hay Ryad, Agdal Riyad",douieb Mohammed yassine,1Â Ã©toile,il y a 2 ans,,https://maps.app.goo.gl/hPniK2FeRhgkzSeVA
CIH Bank,"av. Annakhil, imm. High Tech nÂ°3 hay Ryad, Agdal Riyad",Soufian Blfllah,5Â Ã©toiles,il y a 2 ans,,https://maps.app.goo.gl/hPniK2FeRhgkzSeVA
CIH Bank,"av. Annakhil, imm. High Tech nÂ°3 hay Ryad, Agdal Riyad",RM,1Â Ã©toile,il y a 2 ans,,https://maps.app.goo.gl/hPniK2FeRhgkzSeVA
CIH Bank,"av. Annakhil, imm. High Tech nÂ°3 hay Ryad, Agdal Riyad",Mouad,1Â Ã©toile,il y a 3 ans,,https://maps.app.goo.gl/hPniK2FeRhgkzSeVA
CIH Bank,"av. Annakhil, imm. High Tech nÂ°3 hay Ryad, Agdal Riyad",naoual essbai,1Â Ã©toile,il y a 3 ans,,https://maps.app.goo.gl/hPniK2FeRhgkzSeVA
CIH Bank,"av. Annakhil, imm. High Tech nÂ°3 hay Ryad, Agdal Riyad",Badre Atlassi,1Â Ã©toile,il y a 3 ans,,https://maps.app.goo.gl/hPniK2FeRhgkzSeVA
CIH Bank,"av. Annakhil, imm. High Tech nÂ°3 hay Ryad, Agdal Riyad",SaÃ d E,1Â Ã©toile,il y a 3 ans,,https://maps.app.goo.gl/hPniK2FeRhgkzSeVA
CIH Bank,"av. Annakhil, imm. High Tech nÂ°3 hay Ryad, Agdal Riyad",fatima zahra Marzouk,5Â Ã©toiles,il y a 3 ans,,https://maps.app.goo.gl/hPniK2FeRhgkzSeVA
CIH Bank,"av. Annakhil, imm. High Tech nÂ°3 hay Ryad, Agdal Riyad",Aadil Benyahia,2Â Ã©toiles,il y a 3 ans,,https://maps.app.goo.gl/hPniK2FeRhgkzSeVA
CIH Bank,"av. Annakhil, imm. High Tech nÂ°3 hay Ryad, Agdal Riyad",Amine GUERFI,3Â Ã©toiles,il y a 3 ans,,https://maps.app.goo.gl/hPniK2FeRhgkzSeVA
CIH Bank,"av. Annakhil, imm. High Tech nÂ°3 hay Ryad, Agdal Riyad",Hamza RaÃ¯ss,1Â Ã©toile,il y a 5 ans,,https://maps.app.goo.gl/hPniK2FeRhgkzSeVA
CIH Bank,"av. Annakhil, imm. High Tech nÂ°3 hay Ryad, Agdal Riyad",Nour Hz,1Â Ã©toile,il y a 5 ans,,https://maps.app.goo.gl/hPniK2FeRhgkzSeVA
CIH Bank,"av. Annakhil, imm. High Tech nÂ°3 hay Ryad, Agdal Riyad",Ouss Lak,1Â Ã©toile,il y a 5 ans,,https://maps.app.goo.gl/hPniK2FeRhgkzSeVA
CIH Bank,"av. Annakhil, imm. High Tech nÂ°3 hay Ryad, Agdal Riyad",Younes Ghenji,1Â Ã©toile,il y a 5 ans,,https://maps.app.goo.gl/hPniK2FeRhgkzSeVA
CIH Bank,"av. Annakhil, imm. High Tech nÂ°3 hay Ryad, Agdal Riyad",Hamza Andaloussi,1Â Ã©toile,il y a 6 ans,,https://maps.app.goo.gl/hPniK2FeRhgkzSeVA
CIH Bank,"av. Annakhil, imm. High Tech nÂ°3 hay Ryad, Agdal Riyad",Yassine HAOUARI,5Â Ã©toiles,il y a 6 ans,,https://maps.app.goo.gl/hPniK2FeRhgkzSeVA
CIH Bank,"av. Annakhil, imm. High Tech nÂ°3 hay Ryad, Agdal Riyad",AMN,1Â Ã©toile,il y a 6 ans,,https://maps.app.goo.gl/hPniK2FeRhgkzSeVA
CIH Bank,"av. Annakhil, imm. High Tech nÂ°3 hay Ryad, Agdal Riyad",Marouane Ben Yahia,1Â Ã©toile,il y a 6 ans,,https://maps.app.goo.gl/hPniK2FeRhgkzSeVA
CIH Bank,"av. Annakhil, imm. High Tech nÂ°3 hay Ryad, Agdal Riyad",Yassine ZGHIBI,1Â Ã©toile,il y a 7 ans,,https://maps.app.goo.gl/hPniK2FeRhgkzSeVA
CIH Bank,"av. Annakhil, imm. High Tech nÂ°3 hay Ryad, Agdal Riyad",Youssef Designer,5Â Ã©toiles,il y a 8 ans,,https://maps.app.goo.gl/hPniK2FeRhgkzSeVA
