url,someth
https://maps.app.goo.gl/mkj6Ue4DQCwnxHkm6,nan
https://maps.app.goo.gl/eKjsNZcvzNsmY1ja6,nan
https://maps.app.goo.gl/M8x3FkRue9jRKAvWA,nan
https://maps.app.goo.gl/Gji753FSVzH9e6Sr8,nan
https://maps.app.goo.gl/VaBRoezzHQ8Dvfhf7,nan
https://maps.app.goo.gl/H2HyYUez1LKepL7FA,nan
https://maps.app.goo.gl/MQbTAyrDsSaAm8aD9,nan
https://maps.app.goo.gl/6V3Yfokmx5Xo5G4C6,nan
https://maps.app.goo.gl/hCRqE4vfv7ujw2it9,nan
https://maps.app.goo.gl/HUdiwrjckc4rspxx6,nan
https://maps.app.goo.gl/cyS71GEpjbH2DSDR7,nan
https://maps.app.goo.gl/6BGFFBX5wFw928om9,nan
https://maps.app.goo.gl/h2VKLYZKTPgkCyxb9,nan
https://maps.app.goo.gl/8ucVLrkdtsgSrGu16,nan
https://maps.app.goo.gl/6vLrkYzscTjsMMZw7,nan
https://maps.app.goo.gl/9wJtDCQioUhsszM67,nan
https://maps.app.goo.gl/Uy9KytQGweYxsj9H7,nan
https://maps.app.goo.gl/XvGXWhbDgF6HhS1X7,nan
https://maps.app.goo.gl/eE6CwgLpbxfPnbHY6,nan
https://maps.app.goo.gl/2gmYjvWDgXTbPayt8,nan
https://maps.app.goo.gl/GiNQd1ceQ2rmMcra9,nan
https://maps.app.goo.gl/HNNeuLd18TzHGGaa7,nan
https://maps.app.goo.gl/Uf6GZA36kjGQSkxL6,nan
https://maps.app.goo.gl/7DSiU6SGHhj8R5fW7,nan
https://maps.app.goo.gl/Rx7D9mETqMfuPvQq8,nan
https://maps.app.goo.gl/f9dXxiJV8tmpJcdz9,nan
https://maps.app.goo.gl/WfRKZHunBHppovM28,nan


